YouTube,Notes,Length,ID,Author_English,Title_English,Author_Marathi,Title_Marathi,Acts,Genre,First Performance Year,Submitted By,Males,Females,Pages,Property,Year of Writing,Availability,Certified By,Length (in minutes),Select,Performance Dates,Date,
None,,42,188,Kshitij Patwardhan,35 Nepiency Road,क्षितिज पटवर्धन ,३५ नेपियन्सी रोड,0,,2024,Vijay Kenkare,0,0,0,,0,,,0,0,,,
None,,0,101,Dr. Shwtea Pendse,38 Krishna Villa,डॉ. श्वेता पेंडसे,३८ कृष्ण व्हिला,2,,2024,Mukund Marathe,0,0,0,,0,,,0,0,,,
https://www.youtube.com/watch?v=CPlmkQKpBVs,,0,95,Sujit Saraf,9 to 5,सुजीत सराफ,9 टू 5,2,,2024,Mukund Marathe,0,0,0,,0,,,0,0,,,
https://www.youtube.com/watch?v=dFXroN9AgOs(Trailer),English,0,120,Donald Marguiles,Collected Stories ,डोनाल्ड मारग्युल्स,Collected Stories ,2,,2024,,0,0,0,,0,,,0,0,,,
none,,0,152,Pradeep Rane,Eureka Eureka,प्रदीप राणे,Eureka Eureka,0,,2024,Vijay Kenkare,0,0,0,,0,,,0,0,,,
none,,0,144,Shafaat Khan,M आणि K,शफाअत खान,M आणि K,0,,2024,Vijay Kenkare,0,0,0,,0,,,0,0,,,
,,0,126,Hanoji Bala,Some,होनाजी बाळा ,Some,4,,2024,Vijay Kenkare,0,0,0,,0,,,0,0,,,
https://www.youtube.com/watch?v=RdD3hxa82bE (Preview),,0,193,Atul Pethe,Adalay Ka?,अतुल पेठे,अडलंय का?,4,,2024,Mahesh Elkunchwar,0,0,0,,0,,,0,0,,,
None,,0,25,Pu La Deshpande,Adala Hari,पु.ल. देशपांडे,अडला हरी,1,,2024,Avadhoot Bhambare,0,0,0,,0,,,0,0,,,
none,,0,139,Rajeev Naik,Other,राजीव नाईक ,अदर,0,,2024,Vijay Kenkare,0,0,0,,0,,,0,0,,,
none,,0,191,Bernard Brekhat,Another,बेर्नाड ब्रेखत ,अनदर,0,,2024,Vijay Kenkare,0,0,0,,0,,,0,0,,,
None,Podcast:  https://www.youtube.com/watch?v=Jfgp9v3z2DU,0,192,Ambar Hadap,Arja Motha Nami,अंबर हडप ,अर्ज मोठा नामी ,0,,2024,Vijay Kenkare,0,0,0,,0,,,0,0,,,
None,,0,88,Jaydeep Chipalkatti,Albatross Sandwich,जयदीप चिपलकट्टी,अलबॅट्रॉस सॅंडविच,1,,2024,Avadhoot Bhambare,0,0,0,,0,,,0,0,,,
https://www.youtube.com/watch?v=5HZYa1s1OXo,,0,132,Vasant Kanetkar,Ashrunchi Jhali Phule,वसंत कानेटकर,अश्रूंची झाली फुले,0,,2024,Vijay Kenkare,0,0,0,,0,,,0,0,,,
https://www.youtube.com/watch?v=aAUW0STtQRQ,,0,153,Pradeep Rane,Aham Avam,प्रदीप राणे,अहं अवं,0,,2024,Vijay Kenkare,0,0,0,,0,,,0,0,,,
None,,0,94,Sharad Navare,Einstein,शरद नवरे,आईनस्टाईन,2,,2024,Avadhoot Bhambare,0,0,0,,0,,,0,0,,,
https://www.youtube.com/watch?v=7RRexe9mb4I,Language,0,91,Slawomir Mrozek,Out At Sea,स्लावोमिर म्रोझेक,आऊट ऍट सी,1,,2024,Mukund Marathe,0,0,0,,0,,,0,0,,,
https://www.youtube.com/watch?v=WBTCxi1THYQ  https://www.youtube.com/watch?v=kBAyyzzxtOc https://www.youtube.com/watch?v=wzfAcgKEESA,,0,179,Mohan Rakesh,Aadhe Adhuri,मोहन राकेश,आधे अधुरे,0,,2024,Vijay Kenkare,0,0,0,,0,,,0,0,,,
https://www.youtube.com/watch?v=Y1zbdE8ghVo,,0,92,Rajeev Naik,Aapsatlya Goshti,राजीव नाईक,आपसातल्या गोष्टी,1,,2024,Vidyullata Mahabal,0,0,0,,0,,,0,0,,,
None,,0,2,Pramod Khadilkar,Aabhas,प्रमोद खाडिलकर,आभास,1,Other,2024,Nilaj Rukadikar ,0,0,0,Unknown,0,Print,,200,0,,,
None,,0,121,Arvind Kulkarni,Amchahi Kukud Chuk,अरविंद कुळकर्णी,आमचंही कुकूड चूक,1,,2024,,0,0,0,,0,,,0,0,,,
,,0,142,Shafaat Khan,Aamaar Bangla Shonar Bangla,शफाअत खान,आमार बांगला शोनार बांगला,0,,2024,Vijay Kenkare,0,0,0,,0,,,0,0,,,
None,,0,16,Yogesh Shejwalkar,Identity,योगेश शेजवलकर,आयडेंटीटी,1,,2024,Avadhoot Bhambare,0,0,0,,0,,,0,0,,,
None,,0,59,Guljaar/Mandar Kulkarni,Alishaan,गुलजार आणि मंदार कुलकर्णी,आलिशान,1,,2024,Mandar Kulkarni,0,0,0,,0,,,0,0,,,
https://www.youtube.com/watch?v=6_xSf_XTSxk,,0,181,Mohan Rakesh,Ashadh Ka Ek Din,मोहन राकेश,आषाढ का एक दिन ,0,,2024,Vijay Kenkare,0,0,0,,0,,,0,0,,,
https://www.youtube.com/watch?v=CgOaJ77Np6E,,0,7,Ratnakar Matkari,Indira,रत्नाकर मतकरी  ,इंदिरा,2,,2024,Nilaj Rukadikar ,0,0,0,,0,,,0,0,,,
none,,0,178,Baadal Sarkar,Insha Allah,बादल सरकार,इन्शा अल्लाह ,0,,2024,Vijay Kenkare,0,0,0,,0,,,0,0,,,
https://www.youtube.com/watch?v=vC_pKs-OUOs,,38,113,Chaitanya sardeshpande,Ukli,चैतन्य सरदेशपांडे,उकळी,1,,2024,Avadhoot Bhambare,0,0,0,,0,,,0,0,,,
None,,0,43,Girish Karnad/Pradip Vaidya,Une Pure SHahar Ek,गिरीश कर्नाड आणि प्रदीप वैद्य,उणे पुरे शहर एक,2,,2024,Avadhoot Bhambare,0,0,0,,0,,,0,0,,,
None,,0,99, DIlip Dhonde Kulkarni,UttarRam Charit,दिलीप धोंडो कुलकर्णी ,उत्तरराम चरीत,1,,2024,Avadhoot Bhambare,0,0,0,,0,,,0,0,,,
None,,0,82,Rajeev Naik,Udo Udo,राजीव नाईक,उदो उदो,1,,2024,Avadhoot Bhambare,0,0,0,,0,,,0,0,,,
None,,0,10,Yogesh Soman,Act,योगेश सोमण,ऍक्ट,1,,2024,Niranjan Page,0,0,0,,0,,,0,0,,,
None,,0,147,Dilip Jagtaap,Ek Ande Futle,दिलीप जगताप,एक अंडे फुटले,0,,2024,Vijay Kenkare,0,0,0,,0,,,0,0,,,
None,,0,19,Pu La Deshpande,Ek Zhunja Waaryaashee,पु.ल. देशपांडे,एक झुंज वाऱ्याशी,2,,2024,Mukund Marathe,0,0,0,,0,,,0,0,,,
https://www.youtube.com/watch?v=_rQMfWMUHqc https://www.youtube.com/watch?v=D4Vp_3k0fJg,,0,58,Va. Pu. Kale,Eka Mithichi Katha,व. पु. काळे,एका मिठीची कथा,1,,2024,Mukund Marathe,0,0,0,,0,,,0,0,,,
https://www.youtube.com/watch?v=7N9ZU9hFzLU,,125,38,Arvind Limaye,EXIT,अरविंद लिमये,एक्झिट,1,,2024,Avadhoot Bhambare,0,0,0,,0,,,0,0,,,
none,,0,47,Bhalchandra Pandit,एडीज् लाईव्ह शो,भालचंद्र पंडित,एडीज् लाईव्ह शो,1,,2024,Avadhoot Bhambare,0,0,0,,0,,,0,0,,,
https://www.youtube.com/watch?v=HcMcRkGTTuk,,0,174,Baadal Sarkar,Evam Indrajit,बादल सरकार,एवं इंद्रजीत,0,,2024,Vijay Kenkare,0,0,0,,0,,,0,0,,,
none,,0,171,Makarand Sathe,Ais Pais Soyina Bais,मकरंद साठे,ऐस पैस सोयीने बैस ,0,,2024,Vijay Kenkare,0,0,0,,0,,,0,0,,,
none,,0,54,Niteen Dev,Open Challenge,नितीन देव,ओपन चॅलेंज,1,,2024,Nitin Deo,0,0,0,,0,,,0,0,,,
https://www.youtube.com/watch?v=a1zBuWLIuUg,,00:30.00,74,Vijay Tendulkar ,Olakh,विजय तेंडुलकर,ओळख,1,,2024,Anand Ghanekar,1,1,0,,0,,,0,0,,,
none,,0,169,Vilas Sarang,Katha Ardhyamurdhya,विलास सारंग,कथा अर्ध्यामुर्ध्या,0,,2024,Vijay Kenkare,0,0,0,,0,,,0,0,,,
None,,0,172,Devendraraj Ankur,Kathakaar Manch,देवेंद्रराज अंकुर,कथाकार मंच ,0,,2024,Vijay Kenkare,0,0,0,,0,,,0,0,,,
"https://www.youtube.com/watch?v=Ox0Xq4o7NI8
https://www.youtube.com/watch?v=OXxACoJ0ev8",,0,22,Vijay Tendulkar ,Kanyadaan ,विजय तेंडुलकर,कन्यादान,2,,2024,Mukund Marathe,0,0,0,,0,,,0,0,,,
https://www.youtube.com/watch?v=-w_H_U9IQQc,,0:18:45,37,Vijay Tendulkar ,Kalokh,विजय तेंडुलकर,काळोख,1,,2024,Anand Ghanekar,2 (+),4 (+),0,,0,,,0,0,,,
none,,0,49,Vijay Tendulkar ,Kahi Khara Nahi,विजय तेंडुलकर,काही खरं नाही,1,,2024,Avadhoot Bhambare,0,0,0,,0,,,0,0,,,
none,,0,186,Vinda Karandikar,King Liar (Translation),विंदा करंदीकर,किंग लियर भाषांतर,0,,2024,Vijay Kenkare,0,0,0,,0,,,0,0,,,
Review video ; https://www.youtube.com/watch?v=ddTLNnS-5YY,,0,143,Shafaat Khan,Kisse,शफाअत खान,किस्से ,0,based on Panchtantra story concept,2024,Vijay Kenkare,4,,0,,0,,,0,0,,,
None,,0,190,दंडवते,Kulavruttant,दंडवते,कुलवृत्तांत ,0,,2024,Vijay Kenkare,0,0,0,,0,,,0,0,,,
https://www.youtube.com/watch?v=D3azzqM9PdA  https://www.youtube.com/watch?v=DA23hIjfCgM,,0,27,Yogesh Soman,Case No 99,योगेश सोमण,केस नं ९९,2,,2024,Avadhoot Bhambare,0,0,0,,0,,,0,0,,,
None,,0,187,Dilip Purushottam CHitre,Kesal Kalabhor Pillu,दिलीप पुरुषोत्तम चित्रे,केसाळ काळभोर पिल्लू ,0,,2024,Vijay Kenkare,0,0,0,,0,,,0,0,,,
None,,0,134,Sanjay Pavar,Kon Mhantat Takka Dila,संजय पवार,कोण म्हणत टक्का दिला ,0,,2024,Vijay Kenkare,0,0,0,,0,,,0,0,,,
https://www.youtube.com/watch?v=pattOqOxFy8,,102,68,Laxman Londhe,Koham,लक्ष्मण लोंढे,कोहम,1,,2024,Chaitanya Godsay,0,0,0,,0,,,0,0,,,
none,,0,52,Niraj Shirvaikar,Khara Khara Saang,नीरज शिरवईकर,खरं खरं सांग,1,,2024,Mukund Marathe,0,0,0,,0,,,0,0,,,
https://www.youtube.com/watch?v=OmRV3TO9AS0 multiple parts available,,0,44,Madhurani Sapre,Khidki,मधुराणी सप्रे,खिडकी,1,,2024,मधुराणी सप्रे,0,0,0,,0,,,0,0,,,
None,,0,122,Pu La Deshpande,Khurchyaa,पु.ल. देशपांडे,खुर्च्या,1,,2024,Avadhoot Bhambare,0,0,0,,0,,,0,0,,,
,,0,24,Shirish Latkar,Khel,शिरीष लाटकर,खेळ,1,,2024,Avadhoot Bhambare,0,0,0,,0,,,0,0,,,
None,,0,96,Jayant Naralikar,Gangadhar Pantanche Panipat,जयंत नारळीकर,गंगाधरपंतांचे पानिपत,1,,2024,Avadhoot Bhambare,0,0,0,,0,,,0,0,,,
" https://www.youtube.com/watch?v=um9kQmuMZFk
https://www.youtube.com/results?search_query=Yogesh+Soman+Gappa
https://www.youtube.com/watch?v=0KCkC5wvFsA",,0,6,Yogesh Soman,Gappa,योगेश सोमण,गप्पा,1,,2024,Samruddhi Ghaisas,0,0,0,,0,,,0,0,,,
None,,0,50,Pradip Vaidya,Gabhara,प्रदीप वैद्य,गाभारा,1,,2024,Sayli Apte,0,0,0,,0,,,0,0,,,
https://youtu.be/hl-LHvhdOiU?si=XZBtkPKVYx88dSRC,,0,160,Dr. Chandrashekhar Phansalkar,Girhaeek,डॉ. चंद्रशेखर फणसळकर,गिर्हाईक ,0,,2024,Vijay Kenkare,0,0,0,,0,,,0,0,,,
None,,0,21,Vinay Narayane ,Gunphan ,विनय नारायणे,गुंफण,1,,2024,Niranjan Page,0,0,0,,0,,,0,0,,,
https://www.youtube.com/watch?v=TqdDhy_KTzY,English,0,119,Yasmina Reza,God of Carnage (English),यस्मीना रेझा,गॉड अॉफ कारनेज,2,,2024,Mugdha Godse,0,0,0,,0,,,0,0,,,
https://www.youtube.com/watch?v=LXz9iu010JA,,0,48,Harry William,Gochi Shakuntal,हॅरी विलियम,गोची शाकुंतल,1,,2024,Sanjay Pachpande,0,0,0,,0,,,0,0,,,
None,,0,26,Pu La Deshpande,Goduchi Vaat ,पु.ल. देशपांडे,गोदूची वाट,1,,2024,Avadhoot Bhambare,0,0,0,,0,,,0,0,,,
https://www.youtube.com/watch?v=dM0XK7CUEGY,,0,70,Vikram Watave,Chandrapur Chya Jangalat,विक्रम वाटवे,चंद्रपूरच्या जंगलात,1,,2024,Vikram Watave,0,0,0,,0,,,0,0,,,
None,,0,140,Achyut Vaze,Chal Re Bhoplya Tunuk Tunuk,अच्युत वझे,चल रे भोळ्या टुणूक टुणूक,0,,2024,Vijay Kenkare,0,0,0,,0,,,0,0,,,
none,,0,163,Makarand Sathe,Charshe Koti Visarbhole,मकरंद साठे,चारशे कोटी विसरभोळे,0,,2024,Vijay Kenkare,0,0,0,,0,,,0,0,,,
none,,0,149,Pradeep Rane,Chiutai Chiutai Daar Ughad,प्रदीप राणे,चिऊताई चिऊताई दार उघड,0,,2024,Vijay Kenkare,0,0,0,,0,,,0,0,,,
https://youtu.be/qNakDjt8ccQ?si=Kbb02AdIivZA8HGR,,0,28,Dilip Prabhavalkar,Chuk Bhul Dyavi Ghyavi,दिलीप प्रभावळकर,चूक भूल द्यावी घ्यावी,1,,2024,Sneha Gharpure,0,0,0,,0,,,0,0,,,
https://www.youtube.com/watch?v=sihfnkHAubA,,0,64,Anup Upadhye,Chetana,अनूप उपाध्ये,चेतना,1,,2024,Anup Upadhye,0,0,0,,0,,,0,0,,,
none,,0,45,Vasant Sabnis,Chor Ale Pahijet,वसंत सबनीस,चोर आले पाहिजेत ,1,,2024,Sneha Gharpure,0,0,0,,0,,,0,0,,,
none,,0,166,Makarand Sathe,Chowk,मकरंद साठे,चौक ,0,,2024,Vijay Kenkare,0,0,0,,0,,,0,0,,,
none,,0,41,Rajesh Sharma,Chakke Panje,राजेश शर्मा,छक्के पंजे ,2,,2024,Avadhoot Bhambare,0,0,0,,0,,,0,0,,,
https://www.youtube.com/watch?v=9r6ewoRKXHg,,0,61,Ratnakar Matkari,Javai Majha Bhala,रत्नाकर मतकरी  ,जावई माझा भला,2,,2024,Mukund Marathe,0,0,0,,0,,,0,0,,,
https://www.youtube.com/watch?v=3VZElNwI6HY&list=PL575BD16E11CC6B5A,clip,3,67,Baban Prabhu,Zopi Gelela Jaga Zala,बबन प्रभु,झोपी गेलेला जागा झाला,2,,2024,Mukund Marathe,0,0,0,,0,,,0,0,,,
None,,0,80,Yogesh Shejwalkar,Tuntunapur,योगेश शेजवलकर,टुणटुणापूर,1,,2024,Avadhoot Bhambare,0,0,0,,0,,,0,0,,,
https://youtu.be/vC9da6CoppA?si=gPH6rMzjnXtksbkm,,0,157,Dr. Chandrashekhar Phansalkar,Tax Free,डॉ. चंद्रशेखर फणसळकर,टॅक्स फ्री,0,,2024,Vijay Kenkare,0,0,0,,0,,,0,0,,,
none,,0,165,Makarand Sathe,Thombya,मकरंद साठे,ठोंब्या,0,,2024,Vijay Kenkare,0,0,0,,0,,,0,0,,,
https://www.youtube.com/watch?v=7szoSdiSozc,,0,109,Anant Manohar,Daav Manduni,अनंत मनोहर,डाव मांडुनी,1,,2024,Solapur team,0,0,0,,0,,,0,0,,,
https://www.youtube.com/watch?v=3n0pTJypm8w,,0,62,Ratnakar Matkari,Dreamsellers International,रत्नाकर मतकरी,ड्रिमसेलर्स इंटरनॅशनल,1,,2024,Mukund Marathe,0,0,0,,0,,,0,0,,,
https://youtube.com/watch?v=Ji0fP14q2fY&si=BM41T36eIRuQHG9N,,0,155,C P Deshpande,Dholtashe,चं प्र  देशपांडे ,ढोलताशे ,0,,2024,Vijay Kenkare,0,0,0,,0,,,0,0,,,
https://www.youtube.com/watch?v=FqeFk1gJ-BE,,123,5, Pradip Vaidya,Tichi 17 Prakarane,प्रदीप वैद्य,तिची १७ प्रकरणे,2,,2024,Anand Ghanekar,0,0,0,,0,,,0,0,,,
https://youtu.be/W3bjaZXekaA?si=mKsKCMB0z-yhuQ_K,,0,72,Dhanda Kulkarni-Gadkar,Ti Yete Anik Jate,धनदा कुलकर्णी-गदगकर,ती येते आणिक जाते,1,,2024,Mugdha Kulkarni,0,0,0,,0,,,0,0,,,
(Trailer)https://www.youtube.com/watch?v=sz7APdck8vA,,0,20,Sai Paranjpye,Tujhi Majhi Jodi,सई परांजपे,तुझी माझी जोडी,2,,2024,Mukund Marathe,0,0,0,,0,,,0,0,,,
https://www.youtube.com/watch?v=sTZGYKAWc_4,,163,32,Pu La Deshpande,Tujhe Ahe Tujhpashi,पु.ल. देशपांडे,तुझे आहे तुजपाशी,2,,2024,JayPrakash Chipalkatti,0,0,0,,0,,,0,0,,,
https://youtu.be/O0XHct-FDTk?si=ihPXC6mUUj2sm5rw,,0,51,Tejas Ranade,Teri Bhi Chup,तेजस रानडे,तेरी भी चूप ,1,,2024,Mukund Marathe,0,0,0,,0,,,0,0,,,
none,,0,173,Baadal Sarkar,Third Theatre,बादल सरकार,थर्ड थिएटर,0,,2024,Vijay Kenkare,0,0,0,,0,,,0,0,,,
None,,0,12, Madhav Vaze,The Exterminator,माधव वझे,द एक्सटर्मिनेटर,1.5,,2024,Anand Ghanekar,0,0,0,,0,,,0,0,,,
https://www.youtube.com/watch?v=QrYttmKHTaM,Reading; 2 scripts,73,107,Amey Dakshindas ,The Conscience,अमेय दक्षिणदास,द कॉंशन्स,1,,2024,,0,0,0,,0,,,0,0,,,
None,,0,125,Ganesh Matkari,The Father ,गणेश मतकरी,द फादर,0,,2024,,0,0,0,,0,,,0,0,,,
none,,0,167,Makarand Sathe,Dalpatsingh Yeta Gaava,मकरंद साठे,दलपतसिग येता गावा,0,,2024,Vijay Kenkare,0,0,0,,0,,,0,0,,,
None,,0,63,Kshitij Patwardhan,2 Special,क्षितिज पटवर्धन ,दोन स्पेशल ,3,,2024,Chakrapani Chitnis,0,0,0,,0,,,0,0,,,
None,,0,71,Laxman Londhe,Dharmayoddha,लक्ष्मण लोंढे,धर्मयोद्धा,1,,2024,Chaitanya Godsay,0,0,0,,0,,,0,0,,,
https://www.youtube.com/watch?v=PUQMgr5wLfc,clip,3,87,D M Mirasdar ,Nadikathcha Prakar,द मा मिरासदार ,नदीकाठचा प्रकार,1,,2024,Neeraj Kulkarni,0,0,0,,0,,,0,0,,,
None,,0,154,Arvind Vishwanath Kulkarni,Nahi Manaas Udhar,अरविंद विश्वनाथ कुलकर्णी,नाही मनास उधार ,0,,2024,Vijay Kenkare,0,0,0,,0,,,0,0,,,
None,,0,23,Jyotsna Deodhar ,Pandita Ranabaai Abhivachan ,ज्योत्स्ना देवधर,पंडिता रमाबाई-अभिवाचन,1,,2024,वसुंधरा गोविंद पर्वते,0,0,0,,0,,,0,0,,,
None,,0,161,Dr. Chandrashekhar Phansalkar,Paach Panchvis,डॉ. चंद्रशेखर फणसळकर,पाच पंचवीस,0,,2024,Vijay Kenkare,0,0,0,,0,,,0,0,,,
None,,0,53,Unknown,Partners,Unknown,पार्टनर्स,1,,2024,Harshada Natekar ,0,0,0,,0,,,0,0,,,
None,,0,114,Mahesh Elkunchwar,Party,महेश एलकुंचवार,पार्टी,2,,2024,,0,0,0,,0,,,0,0,,,
https://www.youtube.com/watch?app=desktop&v=8SAQ1owcZek,,0,98,Sandesh Kulkarni,Punascha Honeymoon,संदेश कुलकर्णी,पुनश्च हनीमून,2,,2024,Mukund Marathe,0,0,0,,0,,,0,0,,,
None,,0,17,Girish Datar,Popati Chaukat,गिरीश दातार,पोपटी चौकट,1,,2024,Smita Khole,0,0,0,,0,,,0,0,,,
https://www.youtube.com/watch?v=bllCy2J2pek,,90,76,Mahesh Elkunchwar,Pratibimb,महेश एलकुंचवार,प्रतिबिंब,1,,2024,Vidyullata Mahabal,0,0,0,,0,,,0,0,,,
https://www.youtube.com/watch?v=COpmVu9EYI0,Actual Performance,41,9,Dr. Chandrashekhar Phansalkar,Pratham Purushi,डॉ. चंद्रशेखर फणसळकर,प्रथम पुरुषी,1,,2024,Avadhoot Bhambare,0,0,0,,0,,,0,0,,,
none,,0,170,Vilas Sarang,Prasthan  ,विलास सारंग,प्रस्थान ,0,,2024,Vijay Kenkare,0,0,0,,0,,,0,0,,,
None,,0,106,Makarand Sathe,Prasthan Urfa Exit,मकरंद साठे,प्रस्थान उर्फ एक्झिट,2,,2024,Mukund Marathe,0,0,0,,0,,,0,0,,,
None,,0,29,Kiran Patrekar,Prasangik Karaar,किरण पोत्रेकर,प्रासंगिक करार ,1,,2024,Avadhoot Bhambare,0,0,0,,0,,,0,0,,,
None,,0,117,Shyam Manohar,Priyanka Ani Don Chor,श्याम मनोहर,प्रियंका आणि दोन चोर,2,,2024,,0,0,0,,0,,,0,0,,,
https://www.youtube.com/watch?v=O2mtD2mNzCk,,0,128,Vasant Kanetkar,Prema Tujha Rang Kasa,वसंत कानेटकर,प्रेमा तुझा रंग कसा,0,,2024,Vijay Kenkare,0,0,0,,0,,,0,0,,,
None,,0,33,Dilip Prabhavalkar,Phakta Striyansathi,दिलीप प्रभावळकर,फक्त स्त्रियांसाठी,1,,2024,Sneha Gharpure,0,0,0,,0,,,0,0,,,
None,,0,3,Gangadhar Gadgil,Bandu Nanu Aani Gulabi Hatti,गंगाधर गाडगीळ,बंडू नानू आणि गुलाबी हत्ती,1,,2024,Chaitanya Godsay,0,0,0,,0,,,0,0,"March 19, 2025","March 21, 2025",
https://www.youtube.com/watch?v=MZlTjI4sa68,Hindi,0,115, Manav Kaul,Bali Aur Shambhu (Hindi script),मानव कौल,बली और शंभू,2,,2024,,0,0,0,,0,,,0,0,,,
None,,0,13,Sateesh Alekar,Bus-Stop,सतीश आळेकर,बस स्टॉप,1,,2024,Neeraj Kulkarni,0,0,0,,0,,,0,0,,,
,,0,78,Satish Tambe,Binbaykancha Jagaat,सतीश तांबे,बिनबायकांच्या जगात,1,,2024,Avadhoot Bhambare,0,0,0,,0,,,0,0,,,
https://www.youtube.com/watch?v=4DMXUOJgrGg,,99,118,C P Deshpande,Buddhibal ani Zabbu,चं प्र देशपांडे ,बुद्धिबळ आणि झब्बू ,2,,2024,,0,0,0,,0,,,0,0,,,
https://youtu.be/4DMXUOJgrGg?si=Yuxy2Rg7D1uvMRq4,,0,151,C P Deshpande,Buddhibal ani Zabbu,चं प्र  देशपांडे ,बुद्धिबळ आणि झब्बू ,0,,2024,Vijay Kenkare,0,0,0,,0,,,0,0,,,
https://youtu.be/ZW73zW21eXQ?si=qlnCv4tz4ETJyLoR,,158,8,Jaywant Dalvi,Barrister,जयवंत दळवी,बॅरिस्टर ,2,,2024,Mukund Marathe,0,0,0,,0,,,0,0,,,
",https://www.imdb.com/title/tt34145254/, ",,100,100,Paresh Mokashi,Bombilwadi,परेश मोकाशी,बोंबीलवाडी,2,,2024,Avadhoot Bhambare,0,0,0,,0,,,0,0,,,
None,,0,14,Rajenda Pophale,Briefcase,राजेंद्र पोफळे,ब्रिफकेस,1,,2024,Parag Kilche,0,0,0,,0,,,0,0,,,
https://www.youtube.com/watch?v=hx2YWmRchsw,,0,56,Va. Pu. Kale,Blue Film,व. पु. काळे,ब्लू फिल्म,1,,2024,Avadhoot Bhambare,0,0,0,,0,,,0,0,,,
None,,0,141,Shafaat Khan,Bhumiticha Farce,शफाअत खान,भूमितीचा फार्स ,0,,2024,Vijay Kenkare,0,0,0,,0,,,0,0,,,
none,,0,127,Mama Varekar,Bhumikanya Sita,मामा वरेरकर,भूमीकन्या सीता ,0,,2024,Vijay Kenkare,0,0,0,,0,,,0,0,,,
None,,0,55,Tara Vanarse,Bhovra,तारा वनारसे,भोवरा,1,,2024,JayPrakash Chipalkatti,0,0,0,,0,,,0,0,,,
https://www.youtube.com/watch?v=bYX5fxO99HU,,30,81,Pu La Deshpande,Bhraman Mandal,पु.ल. देशपांडे,भ्रमण मंडळ,1,,2024,Mukund Marathe,0,0,0,,0,,,0,0,,,
None,,59,123,Nishikant Kamat,Manjula,निशीकांत कामत,मंजुळा,1,,2024,,0,0,0,,0,,,0,0,,,
,,0,184,Surendra Verma,Manoj Mitra,सुरेंद वर्मा,मनोज मित्र,0,,2024,Vijay Kenkare,0,0,0,,0,,,0,0,,,
None,,0,35,Rahul Phatak,Majhi Lungi Kharedi (Punyatla Dukanatun),राहूल फाटक,माझी लुंगी खरेदी (पुण्यातल्या दुकानातून),1,,2024,Sanjay Apte,0,0,0,,0,,,0,0,,,
"https://www.youtube.com/watch?v=HgRSM264BU4,  
https://www.youtube.com/watch?v=Hbgb23q9-uM",,0,83,D M Mirasdar ,Mazya Bapachi Pend ,द मा मिरासदार ,माझ्या बापाची पेंड,1,,2024,Shashank Divekar ,0,0,0,,0,,,0,0,,,
None,,0,18,VIdyadhar Pundalik,Mataa Draupadi,विद्याधर पुंडलिक,माता द्रौपदी ,2,,2024,Anand Ghanekar,0,0,0,,0,,,0,0,,,
none,,0,42,Rajeev Naik,Matichya Gadyache Prakaran,राजीव नाईक,मातीच्या गाड्याचे प्रकरण,2,,2024,Anand Ghanekar,0,0,0,,0,,,0,0,,,
https://www.youtube.com/watch?v=FgdrWmnKKTk,,00:30.00,75,Vijay Tendulkar ,Madi,विजय तेंडुलकर,मादी,1,,2024,Mukund Marathe,1,1,0,,0,,,28.44,0,,,#VALUE!
https://www.youtube.com/watch?v=_6fggPs3FSM,,0,97,Shankar Patil,Meeting,शंकर पाटील,मिटींग,1,,2024,Manoj Wadekar,0,0,0,,0,,,0,0,,,
None,धडपड ग्रुप पुणे ,0,102,AShwini Shingre-Deshpande,Mi Tu,अश्विनी शिंगरे-देशपांडे,मी तू,2,,2024,Anand Ghanek,0,0,0,,0,,,0,0,,,
none,,0,60,Manasi Holehunnur,Mich Ti Devyani,मानसी होलेहुन्नूर,मीच ती देवयानी,1,,2024,Avadhoot Bhambare,0,0,0,,0,,,0,0,,,
,,0,182,Surendra Verma,Mujhe Chaand Chahiye,सुरेंद वर्मा,मुझे चांद चाहिये,0,,2024,Vijay Kenkare,0,0,0,,0,,,0,0,,,
None,,0,145,Shafaat Khan,Mumbai Che Kavle,शफाअत खान,मुंबईचे कावळे,0,,2024,Vijay Kenkare,0,0,0,,0,,,0,0,,,
https://youtu.be/5kxDSubKECU?si=N66a9rM2FVBIwbJG,,54,111,Jyoti Mhapsekar,Mulgi Zali Ho,ज्योती म्हापसेकर,मुलगी झाली हो,1,,2024,Hemangi Wadekar,0,0,0,,0,,,0,0,,,
None,,500,4,Unknown,Mrug Trushna (Hindi Script),Unknown,मृग-तृष्णा (Hindi Script),1,"Other, Satire, Sci-Fi",2024,Rohit Dube,0,0,0,,0,,,0,0,,,
https://youtu.be/u2ewPJNXNVo?si=u0Ux2Yb1Wn2ZJPai,,0,158,Dr. Chandrashekhar Phansalkar,Melya Aaicha Chaha,डॉ. चंद्रशेखर फणसळकर,मेल्या आईचा चहा,0,,2024,Vijay Kenkare,0,0,0,,0,,,0,0,,,
"https://www.youtube.com/watch?v=ydpcU4zVTI4 
Reading: https://www.youtube.com/watch?v=hqE7O_idaHs
https://www.youtube.com/watch?v=P2bmyLkodFg&list=RDP2bmyLkodFg&start_radio=1
",Structure of Play: https://www.youtube.com/watch?v=zvrEPHuVTZo,0,135,Girish Karnad ,Yayati,गिरीश कर्नाड,ययाती,0,,2024,Vijay Kenkare,0,0,0,,0,,,0,0,,,
None,,0,103,G. A. Kulkarni/Aditya Khebudkar,Yatrik,जी ए कुळकर्णी आणि आदित्य खेबुडकर,यात्रीक,2,,2024,Avadhoot Bhambare,0,0,0,,0,,,0,0,,,
None,,0,69,Dan Rebello,You & Me,डॅन रिबेलो,यु ऍंड मी,1,,2024,Richa Wadekar,0,0,0,,0,,,0,0,,,
None,,0,90,Abhijeet Kulkarni,Yeh Lamha Jeene Do,अभिजीत कुळकर्णी,ये लम्हा जिने दो,2,,2024,Avadhoot Bhambare,0,0,0,,0,,,0,0,,,
None,,0,124,Chaitanya Sardeshpande,Ravivar Diaries ,चैतन्य सरदेशपांडे,रविवार डायरीज,2,,2024,,0,0,0,,0,,,0,0,,,
https://www.youtube.com/watch?v=UDrXc61BuxU,,0,84,Sadanand Rege,Raja Idipus,सदानंद रेगे,राजा ईडिपस ,2,,2024,Anand Ghanekar,0,0,0,,0,,,0,0,,,
https://www.youtube.com/watch?v=ePMtwX0eP8c,,0,133,Vasant Kanetkar,Raigadala Jevha Jaag Yete,वसंत कानेटकर,रायगडाला जेव्हा जाग येते,0,,2024,Vijay Kenkare,0,0,0,,0,,,0,0,,,
None,,0,159,Dr. Chandrashekhar Phansalkar,Rickshawala,डॉ. चंद्रशेखर फणसळकर,रिक्षावाला,0,,2024,Vijay Kenkare,0,0,0,,0,,,0,0,,,
None,,0,116,Vikram Watave,Red Wine White Wine,विक्रम वाटवे,रेड वाईन व्हाईट वाईन,2,,2024,Vikram Watave,0,0,0,,0,,,0,0,,,
none,,0,162,Makarand Sathe,Roman Samrajyachi Padjhad,मकरंद साठे,रोमन साम्राज्याची पडझड,0,,2024,Vijay Kenkare,0,0,0,,0,,,0,0,,,
None,,0,65,Chakrapani Chitnis,Lagja Gale,चक्रपाणी चिटणीस,लग जा गले ,1,,2024,Chakrapani Chitnis,0,0,0,,0,,,0,0,,,
https://www.youtube.com/watch?v=JLNPkLLr9Eo,,61,110,Amol Palshikar,Limit,अमोल पळशीकर,लिमीट,1,,2024,Ila Patki Gore,0,0,0,,0,,,0,0,,,
https://www.youtube.com/watch?v=CZBR5E25_D0,,0,130,Vasant Kanetkar,Lekare Udanda Jhali,वसंत कानेटकर,लेकुरे उंदड झाली,0,,2024,Vijay Kenkare,0,0,0,,0,,,0,0,,,
None,,0,57,Sanjay Pachpande,Lost Connection,संजय पाचपांडे,लॉस्ट कनेक्शन,1,,2024,Sanjay Pachpande,0,0,0,,0,,,0,0,,,
https://www.youtube.com/watch?v=LlSCj2UR3aw,,0,146,Yogesh Soman,One Second's Life,योगेश सोमण,वन सेकंड's life,0,,2024,Vijay Kenkare,0,0,0,,0,,,0,0,,,
none,,0,175,Baadal Sarkar,Vallabhpur chi Dantakatha,बादल सरकार,वल्ल्लभपूरची दंतकथा,0,,2024,Vijay Kenkare,0,0,0,,0,,,0,0,,,
None,Podcast:  https://www.youtube.com/watch?v=Jfgp9v3z2DU,0,189,Ambar Hadap,Vashya Baba Ani Sasu,अंबर हडप ,वश्या बाब्या आणि सासू ,0,,2024,Vijay Kenkare,0,0,0,,0,,,0,0,,,
None,New Jersey,0,79,Sharad Sathe,Vaarasaa,शरद साठे,वारसा,1,,2024,Mukund Marathe,0,0,0,,0,,,0,0,,,
None,,0,86,D M Mirasdar ,Virangula,द मा मिरासदार ,विरंगुळा,1,,2024,Neeraj Kulkarni,0,0,0,,0,,,0,0,,,
none,,0,129,Vasant Kanetkar,Vedyache Ghar Unhaat,वसंत कानेटकर,वेड्याचे घर उन्हात,0,,2024,Vijay Kenkare,0,0,0,,0,,,0,0,,,
https://youtu.be/PsMLcMqYH3E?si=GDaRt9IFXZJ0yHUu,,0,89,C P Deshpande,Veshantar,चं प्र. देशपांडे,वेषांतर ,1,,2024,Avadhoot Bhambare,0,0,0,,0,,,0,0,,,
https://www.youtube.com/watch?v=uBJmdRbIRDI,,0,40,Anup Upadhye,Vaitathya,अनुप उपाध्ये,वैतथ्य,1,,2024,Anup Upadhye,0,0,0,,0,,,0,0,,,
None,,0,15,Suresh Jayram,Vaishali Cottage,सुरेश जयराम,वैशाली कॉटेज,2,,2024,Mukund Marathe,0,0,0,,0,,,0,0,,,
None,,0,34,Vaibhav Parab,Woh Saat Din,वैभव परब,वो सात दिन ,2,,2024,Avadhoot Bhambare,0,0,0,,0,,,0,0,,,
None,,0,104, Satish Alekar,Shanivar Ravivar,सतीश आळेेकर,शनिवार रविवार,1,,2024,Jayprakash Chipalkatti,0,0,0,,0,,,0,0,,,
"https://www.youtube.com/watch?v=5VxDcdEc4ZU, 
https://www.youtube.com/watch?v=XliV9M7-If4, 
https://www.imdb.com/title/tt3319194/",,0,93,David Ives,Sure Thing,डेव्हिड आईव्ज,शूअर थिंग,1,,2024,Chaitanya Godsay,0,0,0,,0,,,0,0,,,
https://www.youtube.com/watch?v=BLMvjcZBgkU,,1:37:56,148,Shafaat Khan,ShobhaYatra,शफाअत खान,शोभायात्रा,0,विनोदी - कटू उपहास/ इतिहासाचा व्यंगात्मक पडताळा / / fact chks of history - comedy  ,2024,Vijay Kenkare,9,2,90,,marathi publication : 1/1/2002,ISBN-10 ‏ : ‎ 8171857272 ; book - https://www.amazon.com/Shobhayatra-Marathi-Shafaat-Khan/dp/8171857272,,0,0,"Aug, 15",,
None,,0,137,Achyut Vaze,Shadja,अच्युत वझे,षड्ज,0,,2024,Vijay Kenkare,0,0,0,,0,,,0,0,,,
None,,0,138,Achyut Vaze,स,अच्युत वझे,स,0,,2024,Vijay Kenkare,0,0,0,,0,,,0,0,,,
https://www.youtube.com/watch?v=6QNts76MlsQ,,0,77,Sai Paranjape,Sakkhe Shejari,सई परांजपे,सख्खे शेजारी,2,,2024,Avadhoot Bhambare,0,0,0,,0,,,0,0,,,
None,,0,1,Kshitij Patwardhan,Sagale Ubhe Aahet,क्षितिज पटवर्धन,सगळे उभे आहेत,2,"Comedy, Satire",2024,Avadhoot Bhambare,0,0,0,,0,,,0,0,,,
None,,0,66,Tara Vanarse,Sandhyakaal,तारा वनारसे,संध्याकाळ,1,,2024,JayPrakash Chipalkatti,0,0,0,,0,,,0,0,,,
None,,0,156,Dr. Chandrashekhar Phansalkar,Sm Dvibhuj Trikon,डॉ. चंद्रशेखर फणसळकर,सम द्विभुज त्रिकोण,0,,2024,Vijay Kenkare,0,0,0,,0,,,0,0,,,
none,,0,136,Vijay Tendulkar ,Samorcha Nadkarni,विजय तेंडुलकर,समोरचा नाडकर्णी,0,,2024,Vijay Kenkare,0,0,0,,0,,,0,0,,,
none,,0,164,Makarand Sathe,सापत्नेकाराचे मूल ,मकरंद साठे,सापत्नेकाराचे मूल ,0,,2024,Vijay Kenkare,0,0,0,,0,,,0,0,,,
"https://www.youtube.com/watch?v=Fo1KEJAEi98
https://www.youtube.com/watch?v=9rZAk5EUvak",,0,177,Baadal Sarkar,Saari Raat,बादल सरकार,सारी रात,0,,2024,Vijay Kenkare,0,0,0,,0,,,0,0,,,
none,,0,36,Vijay Kanhere,Savdhan- Ek Yogkatha,विजय कान्हेरे,सावधान - एक योगकथा ,1,,2024,Avadhoot Bhambare,0,0,0,,0,,,0,0,,,
None,,0,180,Chetan Datar,Savlya,चेतन दातार,सावल्या ,0,,2024,Vijay Kenkare,0,0,0,,0,,,0,0,,,
https://www.youtube.com/watch?v=RnxIJZAeKos,,0,85,Mahesh Elkunchwar,Sultan,महेश एलकुंचवार,सुल्तान,1,,2024,Jayprakash Chipalkatti,0,0,0,,0,,,0,0,,,
https://www.youtube.com/watch?v=qTRRBSpf2Xo,,0,168,Makarand Sathe,Surya Pahilela Manoos,मकरंद साठे,सूर्य पाहिलेला माणूस,0,,2024,Vijay Kenkare,0,0,0,,0,,,0,0,,,
https://www.youtube.com/watch?v=JNL2tEBJJzo,,0,131,Vasant Kanetkar,Suryachi Pille,वसंत कानेटकर,सूर्याची पिल्ले,0,,2024,Vijay Kenkare,0,0,0,,0,,,0,0,,,
None,,0,11,Kashyap Deshpande,Square-One,कश्यप देशपांडे,स्क्वेअर वन,1,Sci-Fi,2024,Amol Lele,0,0,0,Unknown,0,Print,,0,6,,,
None,,0,39,Swati Ambole and Mandar Kulkarni,Stopwatch,स्वाती आंबोळे आणि मंदार कुळकर्णी,स्टॉपवॉच,1,,2024,Mandar Kulkarni,0,0,0,,0,,,0,0,,,
https://www.youtube.com/watch?v=NDCDvcTU6yA,,0,150,Pradeep Rane,Svagat Svagate,प्रदीप राणे,स्वगत स्वगते,0,,2024,Vijay Kenkare,0,0,0,,0,,,0,0,,,
None,,0,73,Asha Sathe,Svayam,आशा साठे,स्वयंम,1,,2024,Anand Ghanekar,0,0,0,,0,,,0,0,,,
none,,0,46,Prahlad Jadhav,Haravle Te Gavasle Ka,प्रल्हाद जाधव,हरवले ते गवसले का,1,,2024,Avadhoot Bhambare,0,0,0,,0,,,0,0,,,
None,,0,30,Samir Vidhwans,Half Pant,समीर विद्वांस,हाफ-पॅन्ट ,1,,2024,Avadhoot Bhambare,0,0,0,,0,,,0,0,,,
None,,0,112,Sujay Jadhav,Haperbola,सुजय जाधव,हायपर बोला,0,,2024,Avadhoot Bhambare,0,0,0,,0,,,0,0,,,
none,,0,183,Rangey Raghav,Hindi Shakespeare,रंगेय राघव,हिंदी शेक्सपियर ,0,,2024,Vijay Kenkare,0,0,0,,0,,,0,0,,,
https://www.youtube.com/watch?v=QS8Uh-32kSY,,0,176,Baadal Sarkar,Hiroshima,बादल सरकार,हिरोशिमा,0,,2024,Vijay Kenkare,0,0,0,,0,,,0,0,,,
https://www.youtube.com/watch?v=xJCqRHsmkdQ,reading,89,105,Chetan Datar,Hello Inspector,चेतन दातार,हॅलो इंस्पेक्टर,2,,2024,Mukund Marathe,0,0,0,,0,,,0,0,,,
https://youtu.be/QrYttmKHTaM?si=dLqloM84I2FZm-SO,,0,108,Shivaji Deshmukh,Horpal,शिवाजी देशमुख,होरपळ,1,,2024,,0,0,0,,0,,,0,0,,,
,,,,,,,,,,,,,,,,,,,,,,,
https://www.youtube.com/watch?v=nh9Xz8u3LPA,,,,Hanoji Bala,Sangeet Hanoji Bala,होनाजी बाळा ,,,,,,,,,,,,,,,,,